titre,url,type
Télécharger,https://mda.gov.ma/wp-content/uploads/2025/05/MARKET-INTELLIGENCE-RAPPORT-DANALYSE-MARCHE-ALLEMAND-2-EME-EDITION.pdf,pdf
Télécharger,https://mda.gov.ma/wp-content/uploads/2025/04/MARKET-INTELLIGENCE-RAPPORT-DANALYSE-PAR-FAMILLE-DE-PRODUITS-TAPIS-MAROCAIN.pdf,pdf
Télécharger,https://mda.gov.ma/wp-content/uploads/2025/03/MARKET-INTELLIGENCE-RAPPORT-DANALYSE-DU-MARCHE-ESPAGNOL-2E-MARS-2025.pdf,pdf
Télécharger,https://mda.gov.ma/wp-content/uploads/2025/02/RAPPORT-MARKET-INTELLIGENCE-RAPPORT-DANALYSE-DU-MARCHE-DES-PAYS-NORDIQUES.pdf,pdf
Télécharger,https://mda.gov.ma/wp-content/uploads/2024/12/MARKET-INTELLIGENCE_RAPPORT-DANALYSE-PAR-FAMILLE-DE-PRODUITS_POTERIE-CERAMIQUE.pdf,pdf
Télécharger,https://mda.gov.ma/wp-content/uploads/2024/12/MARKET-INTELLIGENCE_RAPPORT-DANALYSE-PAR-FAMILLE-DE-PRODUITS_DINANDERIE.pdf,pdf
Télécharger,https://mda.gov.ma/wp-content/uploads/2024/10/RAPPORT-DANALYSE-DU-MARCHE-DES-ETATS-UNIS-DAMERIQUE.pdf,pdf
Télécharger,https://mda.gov.ma/wp-content/uploads/2024/09/MARKET-INTELLIGENCE-RAPPORT-DANALYSE-MARCHE-BENELUX.pdf,pdf
Télécharger,https://mda.gov.ma/wp-content/uploads/2024/07/Marchee-du-Japon.pdf,pdf
Télécharger,https://mda.gov.ma/wp-content/uploads/2024/07/Marchei-du-Portugal.pdf,pdf
Télécharger,https://mda.gov.ma/wp-content/uploads/2024/06/RAPPORT-DANALYSE-MARCHE-DE-LAUSTRALIE.pdf,pdf
Télécharger,https://mda.gov.ma/wp-content/uploads/2024/06/RAPPORT-DANALYSE-MARCHE-DU-ROYAUME-UNI.pdf,pdf
Télécharger,https://mda.gov.ma/wp-content/uploads/2024/08/Marche-de-la-France.pdf,pdf
Télécharger,https://www.mda.gov.ma/wp-content/uploads/2023/11/Marche-de-l_Italie.pdf,pdf
Télécharger,https://www.mda.gov.ma/wp-content/uploads/2023/10/RAPPORT-DANALYSE-DU-MARCHE-ALLEMAND.pdf,pdf
Télécharger,https://www.mda.gov.ma/wp-content/uploads/2023/05/Marche-de-lEspagne_230531_190548-3.pdf,pdf
Télécharger,https://www.mda.gov.ma/wp-content/uploads/2023/04/Fiche-du-Marche-des-Etats-Unis.pdf,pdf
Télécharger,https://mda.gov.ma/wp-content/uploads/2024/12/MARKET-INTELLIGENCE_RAPPORT-DANALYSE-PAR-FAMILLE-DE-PRODUITS_VANNERIE.pdf,pdf
Télécharger,https://mda.gov.ma/wp-content/uploads/2024/12/MARKET-INTELLIGENCE_RAPPORT-DANALYSE-PAR-FAMILLE-DE-PRODUITS_BIJOUTERIE.pdf,pdf
Télécharger,https://mda.gov.ma/wp-content/uploads/2024/10/MARKET-INTELLIGENCE-RAPPORT-DANALYSE-PAR-FAMILLE-DE-PRODUITS-TAPIS-MAROCAIN.pdf,pdf
Télécharger,https://mda.gov.ma/wp-content/uploads/2024/06/RAPPORT-DANALYSE-DES-HABITS-TRADITIONNELS.pdf,pdf
Télécharger,https://www.mda.gov.ma/wp-content/uploads/2023/10/RAPPORT-DE-LA-BIJOUTERIE.pdf,pdf
Télécharger,https://www.mda.gov.ma/wp-content/uploads/2023/09/Vannerie-2023-.pdf,pdf
Télécharger,https://www.mda.gov.ma/wp-content/uploads/2023/06/MDA-fiche-Poterie-Zellige-et-Ceramique.pdf,pdf
Télécharger,https://www.mda.gov.ma/wp-content/uploads/2023/04/Fiche-Produit-Tapis-Edition-2023.pdf,pdf
Télécharger,https://mda.gov.ma/wp-content/uploads/2024/06/RAPPORT-DE-NOTORIETE-DE-LARTISANAT-MAROCAIN-EN-2023.pdf,pdf
